{"cameraMode":{"drawMode":0,"name":"Shaded","section":"Shading Mode"},"sceneLighting":false,"audioPlay":false,"sceneViewState":{"showFog":true,"showMaterialUpdate":false,"showSkybox":false,"showFlares":true,"showImageEffects":true,"showParticleSystems":true},"in2DMode":false,"pivot":{"x":21.784000396728517,"y":3.9500012397766115,"z":-342.37799072265627},"rotation":{"x":-0.2714330554008484,"y":-0.28212401270866396,"z":0.08396872133016586,"w":-0.9166870713233948},"size":22.0,"orthographic":false}