{"cameraMode":{"drawMode":0,"name":"Shaded","section":"Shading Mode"},"sceneLighting":false,"audioPlay":false,"sceneViewState":{"showFog":true,"showMaterialUpdate":false,"showSkybox":false,"showFlares":true,"showImageEffects":true,"showParticleSystems":true},"in2DMode":false,"pivot":{"x":-0.8159999847412109,"y":0.9500007629394531,"z":-2.748000144958496},"rotation":{"x":-0.12350847572088242,"y":0.8199536800384522,"z":-0.19280587136745454,"w":-0.5248311758041382},"size":80.21830749511719,"orthographic":false}