{"cameraMode":{"drawMode":0,"name":"Shaded","section":"Shading Mode"},"sceneLighting":false,"audioPlay":false,"sceneViewState":{"showFog":true,"showMaterialUpdate":false,"showSkybox":false,"showFlares":true,"showImageEffects":true,"showParticleSystems":true},"in2DMode":false,"pivot":{"x":-1.1500053405761719,"y":-0.6150518655776978,"z":-3.489013671875},"rotation":{"x":0.07176128029823303,"y":0.3836734890937805,"z":-0.030408907681703569,"w":0.9204428195953369},"size":73.50261688232422,"orthographic":false}