{"cameraMode":{"drawMode":0,"name":"Shaded","section":"Shading Mode"},"sceneLighting":false,"audioPlay":false,"sceneViewState":{"showFog":true,"showMaterialUpdate":false,"showSkybox":false,"showFlares":true,"showImageEffects":true,"showParticleSystems":true},"in2DMode":false,"pivot":{"x":6.229000091552734,"y":4.047565460205078,"z":1.5440001487731934},"rotation":{"x":0.3129602074623108,"y":0.5492163896560669,"z":-0.23253294825553895,"w":0.7392005324363709},"size":8.573651313781739,"orthographic":false}