{"cameraMode":{"drawMode":0,"name":"Shaded","section":"Shading Mode"},"sceneLighting":false,"audioPlay":false,"sceneViewState":{"showFog":true,"showMaterialUpdate":false,"showSkybox":false,"showFlares":true,"showImageEffects":true,"showParticleSystems":true},"in2DMode":false,"pivot":{"x":-1.611711859703064,"y":0.20765420794487,"z":2.408567428588867},"rotation":{"x":-0.041545793414115909,"y":0.738605797290802,"z":-0.04571136459708214,"w":-0.6713038086891174},"size":1.9578838348388672,"orthographic":false}