{"cameraMode":{"drawMode":0,"name":"Shaded","section":"Shading Mode"},"sceneLighting":false,"audioPlay":false,"sceneViewState":{"showFog":true,"showMaterialUpdate":false,"showSkybox":false,"showFlares":true,"showImageEffects":true,"showParticleSystems":true},"in2DMode":false,"pivot":{"x":267.1200256347656,"y":8.780414581298829,"z":38.75},"rotation":{"x":0.04840726777911186,"y":-0.9288879036903381,"z":0.34331589937210085,"w":0.13162732124328614},"size":159.55030822753907,"orthographic":false}