{"cameraMode":{"drawMode":0,"name":"Shaded","section":"Shading Mode"},"sceneLighting":false,"audioPlay":false,"sceneViewState":{"showFog":true,"showMaterialUpdate":false,"showSkybox":false,"showFlares":true,"showImageEffects":true,"showParticleSystems":true},"in2DMode":false,"pivot":{"x":29.13887596130371,"y":0.9587863683700562,"z":-29.10329818725586},"rotation":{"x":-0.4308137893676758,"y":0.3577442765235901,"z":-0.1907123476266861,"w":-0.806448221206665},"size":152.44168090820313,"orthographic":false}