{"cameraMode":{"drawMode":0,"name":"Shaded","section":"Shading Mode"},"sceneLighting":false,"audioPlay":false,"sceneViewState":{"showFog":true,"showMaterialUpdate":false,"showSkybox":false,"showFlares":true,"showImageEffects":true,"showParticleSystems":true},"in2DMode":false,"pivot":{"x":19.959840774536134,"y":11.266739845275879,"z":59.76304244995117},"rotation":{"x":-0.2654353976249695,"y":0.22023215889930726,"z":-0.06208823621273041,"w":-0.9369512796401978},"size":29.813154220581056,"orthographic":false}