{"cameraMode":{"drawMode":0,"name":"Shaded","section":"Shading Mode"},"sceneLighting":false,"audioPlay":false,"sceneViewState":{"showFog":true,"showMaterialUpdate":false,"showSkybox":false,"showFlares":true,"showImageEffects":true,"showParticleSystems":true},"in2DMode":false,"pivot":{"x":-32.97240447998047,"y":18.400115966796876,"z":150.60494995117188},"rotation":{"x":-0.07486337423324585,"y":-0.8279147148132324,"z":0.11189472675323487,"w":-0.5449911952018738},"size":17.24164390563965,"orthographic":false}