{"cameraMode":{"drawMode":0,"name":"Shaded","section":"Shading Mode"},"sceneLighting":false,"audioPlay":false,"sceneViewState":{"showFog":true,"showMaterialUpdate":false,"showSkybox":false,"showFlares":true,"showImageEffects":true,"showParticleSystems":true},"in2DMode":false,"pivot":{"x":10.82645034790039,"y":2.0595123767852785,"z":4.666611671447754},"rotation":{"x":0.15170878171920777,"y":0.7731096148490906,"z":-0.20153304934501649,"w":0.5820067524909973},"size":17.68392562866211,"orthographic":false}