{"cameraMode":{"drawMode":0,"name":"Shaded","section":"Shading Mode"},"sceneLighting":false,"audioPlay":false,"sceneViewState":{"showFog":true,"showMaterialUpdate":false,"showSkybox":false,"showFlares":true,"showImageEffects":true,"showParticleSystems":true},"in2DMode":false,"pivot":{"x":16.425769805908204,"y":18.352569580078126,"z":21.168949127197267},"rotation":{"x":0.42171162366867068,"y":0.18546463549137116,"z":-0.08856506645679474,"w":0.8831349015235901},"size":22.0,"orthographic":false}